Щелково;schelkovo;http://navi.mostransavto.ru/?page=patp&ak=40
Шаховская;shahovskaja;http://navi.mostransavto.ru/?page=patp&ak=43
Шатура;shatura;http://navi.mostransavto.ru/?page=patp&ak=39
Чехов;chehov;http://navi.mostransavto.ru/?page=patp&ak=38
Химки;himki;http://navi.mostransavto.ru/?page=patp&ak=37
Талдом;taldom;http://navi.mostransavto.ru/?page=patp&ak=36
Ступино;stupino;http://navi.mostransavto.ru/?page=patp&ak=35
Солнечногорск;solnechnogorsk;http://navi.mostransavto.ru/?page=patp&ak=34
Серпухов;serpuhov;http://navi.mostransavto.ru/?page=patp&ak=33
Руза;ruza;http://navi.mostransavto.ru/?page=patp&ak=31
Раменское;ramenskoe;http://navi.mostransavto.ru/?page=patp&ak=30
Озёры;ozeri;http://navi.mostransavto.ru/?page=patp&ak=26
Ногинск;noginsk;http://navi.mostransavto.ru/?page=patp&ak=24
Мытищи;mitischi;http://navi.mostransavto.ru/?page=patp&ak=22
Можайск;mojaisk;http://navi.mostransavto.ru/?page=patp&ak=21
Люберцы;luberci;http://navi.mostransavto.ru/?page=patp&ak=20
Лыткарино;liktarino;http://navi.mostransavto.ru/?page=patp&ak=19
Луховицы;luhovici;http://navi.mostransavto.ru/?page=patp&ak=18
Клин;klin;http://navi.mostransavto.ru/?page=patp&ak=16
Кашира;kashira;http://navi.mostransavto.ru/?page=patp&ak=15
Королёв;korolev;http://navi.mostransavto.ru/?page=patp&ak=14
Истра;istra;http://navi.mostransavto.ru/?page=patp&ak=13
Ивантеевка;ivanteevka;http://navi.mostransavto.ru/?page=patp&ak=12
Жуковский;jukovskij;http://navi.mostransavto.ru/?page=patp&ak=10
Егорьевск;egorevsk;http://navi.mostransavto.ru/?page=patp&ak=9
Домодедово;domodedovo;http://navi.mostransavto.ru/?page=patp&ak=8
Долгопрудный;dolgoprudnij;http://navi.mostransavto.ru/?page=patp&ak=7
Дмитров;dmitrov;http://navi.mostransavto.ru/?page=patp&ak=6
Волоколамск;volokolamsk;http://navi.mostransavto.ru/?page=patp&ak=4
Видное;vidnoe;http://navi.mostransavto.ru/?page=patp&ak=3
Бронницы;bronnici;http://navi.mostransavto.ru/?page=patp&ak=2
Балашиха;balashiha;http://navi.mostransavto.ru/?page=patp&ak=1
Павловский Посад;pavlovskij-posad;http://navi.mostransavto.ru/?page=patp&ak=28
Электросталь;elektrostal;http://navi.mostransavto.ru/?page=patp&ak=41
Орехово-Зуево;orehovo-zuevo;http://navi.mostransavto.ru/?page=patp&ak=27
Сергиев Посад;sergiev-posad;http://navi.mostransavto.ru/?page=patp&ak=32
Коломна;kolomna;http://navi.mostransavto.ru/?page=patp&ak=17
Воскресенск;voskresensk;http://navi.mostransavto.ru/?page=patp&ak=5
Подольск;podolsk;http://navi.mostransavto.ru/?page=patp&ak=29
